--
-- PostgreSQL database dump
--

-- Dumped from database version 17.2
-- Dumped by pg_dump version 17.2

SET statement_timeout = 0;
SET lock_timeout = 0;
SET idle_in_transaction_session_timeout = 0;
SET transaction_timeout = 0;
SET client_encoding = 'UTF8';
SET standard_conforming_strings = on;
SELECT pg_catalog.set_config('search_path', '', false);
SET check_function_bodies = false;
SET xmloption = content;
SET client_min_messages = warning;
SET row_security = off;

--
-- Data for Name: books; Type: TABLE DATA; Schema: public; Owner: postgres
--

COPY public.books (id, title, author, published_year, stock, isbn, created_at, updated_at) FROM stdin;
093c30ef-71a6-4101-883d-6129dd55fd44	To Kill a Mockingbird	Harper Lee	1960	3	9780446310789	2024-12-31 02:25:35.475344	2024-12-31 02:25:35.475344
ee2d5de1-7b3f-40cc-9125-4f7b28dd828f	1984	George Orwell	1949	4	9780451524935	2024-12-31 02:25:35.475344	2024-12-31 02:25:35.475344
2ce9d4e2-fb84-4879-a34b-1a2dd6767bcb	Pride and Prejudice	Jane Austen	1813	6	9780141439518	2024-12-31 02:25:35.475344	2024-12-31 02:25:35.475344
a95bc025-2c91-4185-a3e0-8d0e6b4927f8	The Catcher in the Rye	J.D. Salinger	1951	3	9780316769488	2024-12-31 02:25:35.475344	2024-12-31 02:25:35.475344
9cf194e8-eaf6-4d1e-8c06-d8ee88024d04	The Hobbit	J.R.R. Tolkien	1937	7	9780547928227	2024-12-31 02:25:35.475344	2024-12-31 02:25:35.475344
59293866-9a3d-434e-b49b-b2a734514021	The Da Vinci Code	Dan Brown	2003	4	9780307474278	2024-12-31 02:25:35.475344	2024-12-31 02:25:35.475344
ad14d850-364e-475a-b34c-909d3670b3c1	The Alchemist	Paulo Coelho	1988	5	9780062315007	2024-12-31 02:25:35.475344	2024-12-31 02:25:35.475344
88318958-50df-43e1-b8f0-99f55f4cb97a	The Little Prince	Antoine de Saint-Exup‚ry	1943	8	9780156012195	2024-12-31 02:25:35.475344	2024-12-31 02:25:35.475344
a18ab30c-a2f3-4c63-885c-237e58ca5dc0	Brave New World	Aldous Huxley	1932	4	9780060850524	2024-12-31 02:25:35.475344	2024-12-31 02:25:35.475344
f4770cfe-8b3c-4d83-8fba-a2c0d02605bf	Harry Potter and\nthe Sorcerer's Stone	J.K. Rowling	1997	7	9780590353427	2024-12-31 02:25:35.475344	2024-12-31 02:25:35.475344
0f1a66c5-e0ee-4688-ba76-81310818db89	The Chronicles of\nNarnia	C.S. Lewis	1950	5	9780066238501	2024-12-31 02:25:35.475344	2024-12-31 02:25:35.475344
8c6df6e4-73ee-4ad5-8317-a60cc5e983b0	One Hundred Years of Solitude	Gabriel Garc¡a M rquez	1967	3	9780060883287	2024-12-31 02:25:35.475344	2024-12-31 02:25:35.475344
7c920330-04c9-40aa-aabe-24e291f7532c	The Hunger Games	Suzanne\nCollins	2008	6	9780439023481	2024-12-31 02:25:35.475344	2024-12-31 02:25:35.475344
471fb50b-3890-44b9-9b1e-6d961a2e77ae	The Road	Cormac McCarthy	2006	4	9780307387899	2024-12-31 02:25:35.475344	2024-12-31 02:25:35.475344
4300f109-75ab-403e-83a3-ba6635621b86	The Kite Runner	Khaled Hosseini	2003	5	9781594631931	2024-12-31 02:25:35.475344	2024-12-31 02:25:35.475344
22eacd8c-4bc7-49bb-9e81-23735f7d2b1d	The Girl with the Dragon Tattoo	Stieg Larsson	2005	4	9780307949486	2024-12-31 02:25:35.475344	2024-12-31 02:25:35.475344
f8a9ba18-9d3b-43d2-b69a-f0d5fb8ae602	The Book Thief	Markus Zusak	2005	6	9780375842207	2024-12-31 02:25:35.475344	2024-12-31 02:25:35.475344
5ebf0a2a-2646-4c68-88d3-a31ba613f37c	The Great Gatsby	F. Scott Fitzgerald	1925	3	9780743273565	2024-12-31 02:25:35.475344	2024-12-31 11:37:00.353781
2756a1f9-dd8e-4061-80f2-5293cbd8de71	Life of Pi	Yann Martel	2001	6	9780156027328	2024-12-31 02:25:35.475344	2024-12-31 11:46:50.70011
045c4949-1880-4560-a717-362bb5986597	The Lord of the Rings	J.R.R. Tolkien	1954	2	9780618640157	2024-12-31 02:25:35.475344	2024-12-31 12:17:20.626564
\.


--
-- Data for Name: members; Type: TABLE DATA; Schema: public; Owner: postgres
--

COPY public.members (id, name, email, phone, address, created_at, updated_at) FROM stdin;
2de225d4-4aee-482e-ad72-72f5ed20979c	John Doe	john.doe@email.com	081234567890	123 Main St, City	2024-12-31 02:25:42.966221	2024-12-31 02:25:42.966221
ee55e08e-e89e-4905-8182-569c821fbaa7	Jane\nSmith	jane.smith@email.com	081234567891	456 Oak Ave, Town	2024-12-31 02:25:42.966221	2024-12-31 02:25:42.966221
d402ba59-4d06-4812-ad93-df63704d2189	Robert\nJohnson	robert.j@email.com	081234567892	789 Pine Rd, Village	2024-12-31 02:25:42.966221	2024-12-31 02:25:42.966221
b17b7a0e-beb4-4cfb-afc5-4ff6ffb23352	Mary\nWilliams	mary.w@email.com	081234567893	321 Elm St, Borough	2024-12-31 02:25:42.966221	2024-12-31 02:25:42.966221
6af05c07-e713-4bab-92be-b68133ec3624	Michael\nBrown	michael.b@email.com	081234567894	654 Maple Dr, District	2024-12-31 02:25:42.966221	2024-12-31 02:25:42.966221
a43789b3-f2af-4ae8-a985-0d9a756e5a3e	Sarah\nDavis	sarah.d@email.com	081234567895	987 Cedar Ln, County	2024-12-31 02:25:42.966221	2024-12-31 02:25:42.966221
9977759a-aeda-441b-96ec-f33f88bc52c1	James\nWilson	james.w@email.com	081234567896	147 Birch Ave, State	2024-12-31 02:25:42.966221	2024-12-31 02:25:42.966221
5b12c977-e3e3-4cc1-a3e0-bccfcf375e9c	Emily\nTaylor	emily.t@email.com	081234567897	258 Spruce St, Province	2024-12-31 02:25:42.966221	2024-12-31 02:25:42.966221
d026d58a-951f-42fd-b711-d8286ce19d1d	David\nAnderson	david.a@email.com	081234567898	369 Ash Rd, Territory	2024-12-31 02:25:42.966221	2024-12-31 02:25:42.966221
598a20dc-5ee9-4a13-a496-d379683ad4cf	Lisa\nThomas	lisa.t@email.com	081234567899	741 Walnut Ct, Region	2024-12-31 02:25:42.966221	2024-12-31 02:25:42.966221
b0c63667-34e1-4e1b-aab8-69fa5f2bfb58	Kevin\nMartin	kevin.m@email.com	081234567800	852 Cherry Ln, Area	2024-12-31 02:25:42.966221	2024-12-31 02:25:42.966221
8d257098-2206-49a4-94f2-b3500169ab9f	Jennifer\nWhite	jennifer.w@email.com	081234567801	963 Palm Ave, Zone	2024-12-31 02:25:42.966221	2024-12-31 02:25:42.966221
b55a0c22-64be-4586-a2fb-69be7d4fa11d	Christopher Lee	chris.l@email.com	081234567802	159 Beach Rd, Sector	2024-12-31 02:25:42.966221	2024-12-31 02:25:42.966221
1edf0001-4fa8-4f30-a19b-1ceee1e04084	Amanda Clark	amanda.c@email.com	081234567803	357 Coast St, District	2024-12-31 02:25:42.966221	2024-12-31 02:25:42.966221
35b973fe-e5b4-4645-9a4b-7d3519cc46ed	Daniel Martinez	daniel.m@email.com	081234567804	468 River Dr, County	2024-12-31 02:25:42.966221	2024-12-31 02:25:42.966221
3e1ef568-bd57-4d72-b2ff-f5a03eed6c84	Michelle Garcia	michelle.g@email.com	081234567805	789 Lake Ave, State	2024-12-31 02:25:42.966221	2024-12-31 02:25:42.966221
d7b84989-5543-478f-8dce-22a1c1feeb49	Andrew Robinson	andrew.r@email.com	081234567806	951 Ocean Blvd,\nProvince	2024-12-31 02:25:42.966221	2024-12-31 02:25:42.966221
e828891d-8e4e-4a59-8bbb-7d49c72c710d	Patricia Rodriguez	patricia.r@email.com	081234567807	753 Bay St,\nTerritory	2024-12-31 02:25:42.966221	2024-12-31 02:25:42.966221
0f951811-9057-4371-82da-10061e6d3621	Joseph Hall	joseph.h@email.com	081234567808	246 Harbor Rd,\nRegion	2024-12-31 02:25:42.966221	2024-12-31 02:25:42.966221
8203b1d9-b6a8-4a02-abca-1ad85f05d8de	Nicole King	nicole.k@email.com	081234567809	135 Port Ave, Area	2024-12-31 02:25:42.966221	2024-12-31 02:25:42.966221
131050d8-d7d5-43aa-8575-d72d3501abde	Hong Eun Chae	chaechae@example.com	010345672812	303 Sunshine Road, Seoul	2024-12-31 02:26:08.315836	2024-12-31 02:26:08.315836
6277f0ee-5c32-4265-bf4f-c2e16ee9b460	Karina	karina@example.com	010345672012	303 Sunshine Road, Seoul	2024-12-31 12:11:55.908638	2024-12-31 12:11:55.908638
\.


--
-- Data for Name: borrowings; Type: TABLE DATA; Schema: public; Owner: postgres
--

COPY public.borrowings (id, book_id, member_id, borrow_date, return_date, status, created_at, updated_at) FROM stdin;
04589ac1-2709-458f-aa01-7aea5e702d9e	045c4949-1880-4560-a717-362bb5986597	131050d8-d7d5-43aa-8575-d72d3501abde	2024-11-21	2024-11-28	BORROWED	2024-12-31 02:31:56.698124	2024-12-31 02:31:56.698124
b44a26ed-6808-42ab-ac09-2b544123cd1d	045c4949-1880-4560-a717-362bb5986597	131050d8-d7d5-43aa-8575-d72d3501abde	2024-12-31	\N	BORROWED	2024-12-31 11:30:09.693605	2024-12-31 11:30:09.693605
a18be740-e6ff-4161-85b4-0bcca075e9cf	045c4949-1880-4560-a717-362bb5986597	1edf0001-4fa8-4f30-a19b-1ceee1e04084	2024-12-31	\N	BORROWED	2024-12-31 11:31:14.412201	2024-12-31 11:31:14.412201
5c586206-01cf-47de-9c8b-40084468c43c	045c4949-1880-4560-a717-362bb5986597	6af05c07-e713-4bab-92be-b68133ec3624	2024-12-31	\N	BORROWED	2024-12-31 11:33:16.875118	2024-12-31 11:33:16.875118
6a69fd06-feb5-4731-925b-63483039c9ae	5ebf0a2a-2646-4c68-88d3-a31ba613f37c	6af05c07-e713-4bab-92be-b68133ec3624	2024-12-31	\N	BORROWED	2024-12-31 11:35:22.097966	2024-12-31 11:35:22.097966
f693b3cf-91ee-4fb2-909a-9705b03795b0	5ebf0a2a-2646-4c68-88d3-a31ba613f37c	8203b1d9-b6a8-4a02-abca-1ad85f05d8de	2024-12-31	\N	BORROWED	2024-12-31 11:37:00.353781	2024-12-31 11:37:00.353781
d5bb306b-0cd5-4ac6-8ad5-b163f1e21a94	045c4949-1880-4560-a717-362bb5986597	d026d58a-951f-42fd-b711-d8286ce19d1d	2024-12-31	2024-12-31	RETURNED	2024-12-31 11:40:14.592013	2024-12-31 11:44:37.039247
861ea3f9-52af-44db-bcd6-4a57effa29ee	2756a1f9-dd8e-4061-80f2-5293cbd8de71	131050d8-d7d5-43aa-8575-d72d3501abde	2024-11-21	2024-12-31	RETURNED	2024-12-31 02:36:09.473995	2024-12-31 11:46:50.70011
6930a21d-51a0-4618-946e-78b920e0899b	045c4949-1880-4560-a717-362bb5986597	131050d8-d7d5-43aa-8575-d72d3501abde	2024-12-31	\N	BORROWED	2024-12-31 11:47:00.364657	2024-12-31 11:47:00.364657
50db1ce9-81dc-4a5e-a461-b1871854dfec	045c4949-1880-4560-a717-362bb5986597	b0c63667-34e1-4e1b-aab8-69fa5f2bfb58	2024-12-31	\N	BORROWED	2024-12-31 12:15:48.104991	2024-12-31 12:15:48.104991
3331fe34-fab6-4b8b-8287-03772d9309d9	045c4949-1880-4560-a717-362bb5986597	b55a0c22-64be-4586-a2fb-69be7d4fa11d	2024-12-31	2024-12-31	RETURNED	2024-12-31 12:16:15.269912	2024-12-31 12:17:20.626564
\.


--
-- PostgreSQL database dump complete
--

